negotiation_date,sold_price,product
07/01/2014,308.33,Polpa Cítrica
08/01/2014,300.67,Polpa Cítrica
09/01/2014,295.0,Polpa Cítrica
10/01/2014,324.0,Polpa Cítrica
11/01/2014,250.71,Polpa Cítrica
12/01/2014,250.0,Polpa Cítrica
15/01/2014,305.0,Polpa Cítrica
21/01/2014,335.0,Polpa Cítrica
22/01/2014,338.5,Polpa Cítrica
23/01/2014,336.75,Polpa Cítrica
24/01/2014,330.0,Polpa Cítrica
27/01/2014,320.0,Polpa Cítrica
28/01/2014,356.25,Polpa Cítrica
30/01/2014,330.0,Polpa Cítrica
31/01/2014,314.64,Polpa Cítrica
01/02/2014,280.0,Polpa Cítrica
06/02/2014,345.0,Polpa Cítrica
07/02/2014,315.94,Polpa Cítrica
08/02/2014,290.0,Polpa Cítrica
09/02/2014,301.8,Polpa Cítrica
10/02/2014,307.0,Polpa Cítrica
11/02/2014,284.0,Polpa Cítrica
12/02/2014,276.43,Polpa Cítrica
13/02/2014,401.86,Polpa Cítrica
14/02/2014,438.5,Polpa Cítrica
15/02/2014,415.0,Polpa Cítrica
17/02/2014,421.62,Polpa Cítrica
18/02/2014,423.11,Polpa Cítrica
19/02/2014,340.0,Polpa Cítrica
21/02/2014,403.33,Polpa Cítrica
22/02/2014,423.5,Polpa Cítrica
24/02/2014,428.75,Polpa Cítrica
26/02/2014,415.0,Polpa Cítrica
01/03/2014,250.0,Polpa Cítrica
02/03/2014,330.0,Polpa Cítrica
04/03/2014,545.0,Polpa Cítrica
06/03/2014,286.0,Polpa Cítrica
07/03/2014,281.0,Polpa Cítrica
08/03/2014,305.0,Polpa Cítrica
09/03/2014,309.25,Polpa Cítrica
10/03/2014,285.0,Polpa Cítrica
11/03/2014,268.67,Polpa Cítrica
12/03/2014,260.83,Polpa Cítrica
14/03/2014,430.0,Polpa Cítrica
15/03/2014,523.0,Polpa Cítrica
21/03/2014,515.0,Polpa Cítrica
01/04/2014,285.0,Polpa Cítrica
02/04/2014,335.71,Polpa Cítrica
04/04/2014,545.5,Polpa Cítrica
06/04/2014,337.0,Polpa Cítrica
07/04/2014,323.71,Polpa Cítrica
09/04/2014,306.25,Polpa Cítrica
11/04/2014,254.6,Polpa Cítrica
12/04/2014,260.0,Polpa Cítrica
17/04/2014,525.0,Polpa Cítrica
25/04/2014,515.0,Polpa Cítrica
26/04/2014,515.0,Polpa Cítrica
28/04/2014,494.0,Polpa Cítrica
29/04/2014,500.0,Polpa Cítrica
30/04/2014,495.0,Polpa Cítrica
01/05/2014,295.0,Polpa Cítrica
02/05/2014,350.67,Polpa Cítrica
04/05/2014,551.5,Polpa Cítrica
06/05/2014,289.17,Polpa Cítrica
07/05/2014,305.2,Polpa Cítrica
08/05/2014,304.33,Polpa Cítrica
09/05/2014,307.33,Polpa Cítrica
11/05/2014,263.6,Polpa Cítrica
12/05/2014,251.42,Polpa Cítrica
13/05/2014,280.0,Polpa Cítrica
14/05/2014,426.25,Polpa Cítrica
15/05/2014,307.5,Polpa Cítrica
16/05/2014,310.5,Polpa Cítrica
17/05/2014,345.0,Polpa Cítrica
19/05/2014,350.0,Polpa Cítrica
21/05/2014,310.0,Polpa Cítrica
24/05/2014,277.0,Polpa Cítrica
25/05/2014,330.0,Polpa Cítrica
26/05/2014,350.0,Polpa Cítrica
27/05/2014,278.5,Polpa Cítrica
28/05/2014,322.33,Polpa Cítrica
29/05/2014,328.25,Polpa Cítrica
30/05/2014,320.0,Polpa Cítrica
31/05/2014,315.25,Polpa Cítrica
01/06/2014,292.0,Polpa Cítrica
02/06/2014,344.25,Polpa Cítrica
03/06/2014,453.0,Polpa Cítrica
06/06/2014,290.0,Polpa Cítrica
07/06/2014,305.0,Polpa Cítrica
08/06/2014,317.5,Polpa Cítrica
09/06/2014,335.0,Polpa Cítrica
10/06/2014,315.0,Polpa Cítrica
11/06/2014,255.7,Polpa Cítrica
12/06/2014,285.33,Polpa Cítrica
13/06/2014,345.0,Polpa Cítrica
14/06/2014,306.5,Polpa Cítrica
15/06/2014,320.0,Polpa Cítrica
16/06/2014,316.67,Polpa Cítrica
17/06/2014,336.25,Polpa Cítrica
18/06/2014,317.75,Polpa Cítrica
19/06/2014,311.5,Polpa Cítrica
20/06/2014,336.8,Polpa Cítrica
21/06/2014,305.0,Polpa Cítrica
22/06/2014,317.5,Polpa Cítrica
23/06/2014,340.67,Polpa Cítrica
24/06/2014,292.4,Polpa Cítrica
25/06/2014,309.8,Polpa Cítrica
26/06/2014,305.5,Polpa Cítrica
27/06/2014,326.58,Polpa Cítrica
28/06/2014,307.17,Polpa Cítrica
29/06/2014,305.0,Polpa Cítrica
30/06/2014,303.25,Polpa Cítrica
01/07/2014,305.67,Polpa Cítrica
02/07/2014,358.5,Polpa Cítrica
03/07/2014,455.33,Polpa Cítrica
04/07/2014,543.0,Polpa Cítrica
06/07/2014,302.8,Polpa Cítrica
07/07/2014,299.5,Polpa Cítrica
08/07/2014,340.0,Polpa Cítrica
09/07/2014,320.0,Polpa Cítrica
10/07/2014,304.5,Polpa Cítrica
11/07/2014,245.5,Polpa Cítrica
12/07/2014,255.0,Polpa Cítrica
13/07/2014,304.0,Polpa Cítrica
14/07/2014,305.0,Polpa Cítrica
15/07/2014,306.75,Polpa Cítrica
16/07/2014,302.6,Polpa Cítrica
17/07/2014,306.0,Polpa Cítrica
18/07/2014,313.0,Polpa Cítrica
19/07/2014,297.4,Polpa Cítrica
21/07/2014,298.5,Polpa Cítrica
22/07/2014,293.0,Polpa Cítrica
23/07/2014,311.0,Polpa Cítrica
24/07/2014,313.83,Polpa Cítrica
25/07/2014,305.5,Polpa Cítrica
26/07/2014,321.25,Polpa Cítrica
27/07/2014,320.0,Polpa Cítrica
28/07/2014,295.67,Polpa Cítrica
29/07/2014,298.22,Polpa Cítrica
30/07/2014,291.25,Polpa Cítrica
31/07/2014,307.12,Polpa Cítrica
01/08/2014,280.0,Polpa Cítrica
03/08/2014,460.0,Polpa Cítrica
04/08/2014,528.33,Polpa Cítrica
06/08/2014,327.5,Polpa Cítrica
08/08/2014,301.67,Polpa Cítrica
10/08/2014,305.0,Polpa Cítrica
11/08/2014,256.25,Polpa Cítrica
12/08/2014,248.33,Polpa Cítrica
13/08/2014,301.67,Polpa Cítrica
14/08/2014,314.67,Polpa Cítrica
15/08/2014,318.75,Polpa Cítrica
16/08/2014,328.33,Polpa Cítrica
17/08/2014,305.0,Polpa Cítrica
19/08/2014,325.0,Polpa Cítrica
20/08/2014,315.0,Polpa Cítrica
21/08/2014,317.5,Polpa Cítrica
22/08/2014,313.33,Polpa Cítrica
23/08/2014,295.0,Polpa Cítrica
25/08/2014,306.5,Polpa Cítrica
26/08/2014,291.0,Polpa Cítrica
27/08/2014,305.0,Polpa Cítrica
29/08/2014,301.38,Polpa Cítrica
30/08/2014,326.0,Polpa Cítrica
31/08/2014,315.0,Polpa Cítrica
01/09/2014,292.5,Polpa Cítrica
04/09/2014,525.0,Polpa Cítrica
06/09/2014,335.0,Polpa Cítrica
07/09/2014,320.0,Polpa Cítrica
08/09/2014,293.5,Polpa Cítrica
09/09/2014,309.56,Polpa Cítrica
10/09/2014,287.4,Polpa Cítrica
12/09/2014,261.67,Polpa Cítrica
13/09/2014,307.5,Polpa Cítrica
15/09/2014,299.67,Polpa Cítrica
16/09/2014,322.5,Polpa Cítrica
17/09/2014,310.67,Polpa Cítrica
18/09/2014,310.0,Polpa Cítrica
19/09/2014,307.56,Polpa Cítrica
20/09/2014,319.83,Polpa Cítrica
21/09/2014,297.0,Polpa Cítrica
22/09/2014,315.0,Polpa Cítrica
23/09/2014,302.5,Polpa Cítrica
24/09/2014,310.0,Polpa Cítrica
25/09/2014,309.33,Polpa Cítrica
26/09/2014,305.2,Polpa Cítrica
27/09/2014,305.67,Polpa Cítrica
29/09/2014,315.0,Polpa Cítrica
30/09/2014,310.25,Polpa Cítrica
01/10/2014,245.0,Polpa Cítrica
02/10/2014,340.0,Polpa Cítrica
03/10/2014,458.0,Polpa Cítrica
06/10/2014,280.0,Polpa Cítrica
07/10/2014,315.0,Polpa Cítrica
09/10/2014,300.0,Polpa Cítrica
10/10/2014,309.0,Polpa Cítrica
11/10/2014,259.43,Polpa Cítrica
12/10/2014,325.0,Polpa Cítrica
13/10/2014,302.0,Polpa Cítrica
14/10/2014,251.4,Polpa Cítrica
15/10/2014,276.25,Polpa Cítrica
16/10/2014,263.67,Polpa Cítrica
17/10/2014,276.5,Polpa Cítrica
18/10/2014,256.0,Polpa Cítrica
19/10/2014,255.0,Polpa Cítrica
20/10/2014,248.0,Polpa Cítrica
21/10/2014,246.4,Polpa Cítrica
22/10/2014,277.0,Polpa Cítrica
23/10/2014,255.88,Polpa Cítrica
24/10/2014,265.56,Polpa Cítrica
25/10/2014,270.75,Polpa Cítrica
26/10/2014,236.5,Polpa Cítrica
27/10/2014,273.33,Polpa Cítrica
28/10/2014,292.6,Polpa Cítrica
29/10/2014,262.8,Polpa Cítrica
30/10/2014,260.33,Polpa Cítrica
31/10/2014,265.27,Polpa Cítrica
01/11/2014,276.5,Polpa Cítrica
02/11/2014,340.0,Polpa Cítrica
04/11/2014,475.0,Polpa Cítrica
06/11/2014,310.0,Polpa Cítrica
07/11/2014,305.0,Polpa Cítrica
08/11/2014,300.67,Polpa Cítrica
09/11/2014,302.5,Polpa Cítrica
10/11/2014,264.25,Polpa Cítrica
11/11/2014,265.43,Polpa Cítrica
12/11/2014,281.67,Polpa Cítrica
13/11/2014,242.25,Polpa Cítrica
14/11/2014,252.67,Polpa Cítrica
15/11/2014,235.0,Polpa Cítrica
16/11/2014,255.5,Polpa Cítrica
17/11/2014,241.33,Polpa Cítrica
18/11/2014,295.0,Polpa Cítrica
19/11/2014,258.0,Polpa Cítrica
20/11/2014,257.5,Polpa Cítrica
21/11/2014,258.0,Polpa Cítrica
22/11/2014,241.5,Polpa Cítrica
23/11/2014,270.0,Polpa Cítrica
25/11/2014,261.88,Polpa Cítrica
26/11/2014,265.57,Polpa Cítrica
27/11/2014,259.33,Polpa Cítrica
28/11/2014,260.0,Polpa Cítrica
29/11/2014,255.0,Polpa Cítrica
30/11/2014,286.67,Polpa Cítrica
01/12/2014,285.0,Polpa Cítrica
02/12/2014,368.0,Polpa Cítrica
03/12/2014,470.0,Polpa Cítrica
04/12/2014,516.25,Polpa Cítrica
07/12/2014,320.0,Polpa Cítrica
08/12/2014,308.5,Polpa Cítrica
09/12/2014,309.5,Polpa Cítrica
10/12/2014,230.0,Polpa Cítrica
11/12/2014,245.33,Polpa Cítrica
12/12/2014,273.33,Polpa Cítrica
13/12/2014,315.0,Polpa Cítrica
14/12/2014,278.33,Polpa Cítrica
15/12/2014,295.0,Polpa Cítrica
16/12/2014,298.33,Polpa Cítrica
17/12/2014,311.0,Polpa Cítrica
18/12/2014,304.17,Polpa Cítrica
19/12/2014,290.0,Polpa Cítrica
20/12/2014,310.0,Polpa Cítrica
21/12/2014,315.0,Polpa Cítrica
22/12/2014,299.0,Polpa Cítrica
23/12/2014,294.5,Polpa Cítrica
24/12/2014,247.0,Polpa Cítrica
27/12/2014,295.0,Polpa Cítrica
29/12/2014,237.0,Polpa Cítrica
04/01/2015,360.0,Polpa Cítrica
05/01/2015,375.0,Polpa Cítrica
07/01/2015,263.33,Polpa Cítrica
08/01/2015,270.0,Polpa Cítrica
09/01/2015,250.0,Polpa Cítrica
10/01/2015,262.0,Polpa Cítrica
11/01/2015,275.33,Polpa Cítrica
12/01/2015,280.83,Polpa Cítrica
13/01/2015,320.0,Polpa Cítrica
14/01/2015,307.57,Polpa Cítrica
15/01/2015,317.5,Polpa Cítrica
16/01/2015,313.75,Polpa Cítrica
17/01/2015,314.44,Polpa Cítrica
18/01/2015,315.0,Polpa Cítrica
19/01/2015,317.0,Polpa Cítrica
20/01/2015,310.71,Polpa Cítrica
21/01/2015,321.0,Polpa Cítrica
22/01/2015,312.25,Polpa Cítrica
24/01/2015,315.0,Polpa Cítrica
26/01/2015,310.0,Polpa Cítrica
27/01/2015,313.38,Polpa Cítrica
28/01/2015,316.07,Polpa Cítrica
29/01/2015,366.64,Polpa Cítrica
30/01/2015,427.5,Polpa Cítrica
31/01/2015,365.0,Polpa Cítrica
03/02/2015,380.0,Polpa Cítrica
04/02/2015,360.0,Polpa Cítrica
06/02/2015,263.43,Polpa Cítrica
07/02/2015,260.82,Polpa Cítrica
09/02/2015,250.33,Polpa Cítrica
10/02/2015,271.83,Polpa Cítrica
12/02/2015,280.0,Polpa Cítrica
13/02/2015,360.0,Polpa Cítrica
14/02/2015,360.0,Polpa Cítrica
18/02/2015,369.39,Polpa Cítrica
24/02/2015,357.0,Polpa Cítrica
26/02/2015,380.0,Polpa Cítrica
27/02/2015,377.5,Polpa Cítrica
28/02/2015,390.0,Polpa Cítrica
06/03/2015,267.6,Polpa Cítrica
07/03/2015,258.33,Polpa Cítrica
08/03/2015,261.67,Polpa Cítrica
09/03/2015,244.0,Polpa Cítrica
10/03/2015,262.0,Polpa Cítrica
12/03/2015,274.86,Polpa Cítrica
17/03/2015,388.25,Polpa Cítrica
18/03/2015,365.0,Polpa Cítrica
19/03/2015,380.0,Polpa Cítrica
24/03/2015,380.0,Polpa Cítrica
27/03/2015,357.0,Polpa Cítrica
28/03/2015,340.0,Polpa Cítrica
29/03/2015,340.0,Polpa Cítrica
30/03/2015,375.0,Polpa Cítrica
31/03/2015,370.0,Polpa Cítrica
07/04/2015,265.0,Polpa Cítrica
08/04/2015,254.0,Polpa Cítrica
09/04/2015,253.33,Polpa Cítrica
10/04/2015,267.5,Polpa Cítrica
11/04/2015,270.0,Polpa Cítrica
12/04/2015,278.5,Polpa Cítrica
13/04/2015,357.6,Polpa Cítrica
14/04/2015,356.5,Polpa Cítrica
15/04/2015,353.33,Polpa Cítrica
16/04/2015,355.0,Polpa Cítrica
17/04/2015,362.5,Polpa Cítrica
18/04/2015,363.0,Polpa Cítrica
19/04/2015,350.0,Polpa Cítrica
22/04/2015,360.0,Polpa Cítrica
23/04/2015,352.5,Polpa Cítrica
24/04/2015,352.5,Polpa Cítrica
25/04/2015,355.0,Polpa Cítrica
27/04/2015,352.5,Polpa Cítrica
29/04/2015,357.5,Polpa Cítrica
30/04/2015,363.0,Polpa Cítrica
02/05/2015,347.5,Polpa Cítrica
03/05/2015,370.0,Polpa Cítrica
05/05/2015,350.0,Polpa Cítrica
06/05/2015,275.0,Polpa Cítrica
07/05/2015,261.1,Polpa Cítrica
08/05/2015,267.17,Polpa Cítrica
09/05/2015,240.0,Polpa Cítrica
10/05/2015,267.5,Polpa Cítrica
11/05/2015,260.0,Polpa Cítrica
12/05/2015,284.17,Polpa Cítrica
13/05/2015,336.32,Polpa Cítrica
14/05/2015,314.65,Polpa Cítrica
15/05/2015,305.0,Polpa Cítrica
16/05/2015,315.0,Polpa Cítrica
18/05/2015,295.0,Polpa Cítrica
19/05/2015,305.0,Polpa Cítrica
20/05/2015,295.44,Polpa Cítrica
21/05/2015,280.0,Polpa Cítrica
22/05/2015,289.33,Polpa Cítrica
23/05/2015,278.33,Polpa Cítrica
25/05/2015,291.67,Polpa Cítrica
26/05/2015,293.07,Polpa Cítrica
27/05/2015,290.5,Polpa Cítrica
28/05/2015,290.0,Polpa Cítrica
29/05/2015,295.0,Polpa Cítrica
30/05/2015,268.75,Polpa Cítrica
31/05/2015,275.0,Polpa Cítrica
01/06/2015,310.0,Polpa Cítrica
02/06/2015,365.0,Polpa Cítrica
03/06/2015,373.33,Polpa Cítrica
06/06/2015,276.5,Polpa Cítrica
07/06/2015,285.0,Polpa Cítrica
08/06/2015,245.0,Polpa Cítrica
10/06/2015,274.0,Polpa Cítrica
11/06/2015,277.5,Polpa Cítrica
12/06/2015,281.0,Polpa Cítrica
13/06/2015,264.25,Polpa Cítrica
14/06/2015,270.0,Polpa Cítrica
15/06/2015,265.0,Polpa Cítrica
16/06/2015,267.5,Polpa Cítrica
17/06/2015,265.0,Polpa Cítrica
18/06/2015,266.25,Polpa Cítrica
19/06/2015,271.67,Polpa Cítrica
20/06/2015,270.0,Polpa Cítrica
22/06/2015,263.33,Polpa Cítrica
23/06/2015,267.5,Polpa Cítrica
24/06/2015,269.0,Polpa Cítrica
25/06/2015,263.75,Polpa Cítrica
26/06/2015,270.0,Polpa Cítrica
27/06/2015,258.33,Polpa Cítrica
29/06/2015,270.0,Polpa Cítrica
30/06/2015,250.0,Polpa Cítrica
01/07/2015,303.8,Polpa Cítrica
02/07/2015,352.5,Polpa Cítrica
03/07/2015,380.0,Polpa Cítrica
04/07/2015,356.5,Polpa Cítrica
05/07/2015,328.33,Polpa Cítrica
07/07/2015,267.5,Polpa Cítrica
08/07/2015,235.91,Polpa Cítrica
10/07/2015,270.83,Polpa Cítrica
11/07/2015,281.0,Polpa Cítrica
12/07/2015,277.73,Polpa Cítrica
13/07/2015,262.77,Polpa Cítrica
14/07/2015,260.3,Polpa Cítrica
15/07/2015,261.0,Polpa Cítrica
16/07/2015,259.11,Polpa Cítrica
17/07/2015,267.61,Polpa Cítrica
18/07/2015,259.33,Polpa Cítrica
20/07/2015,268.33,Polpa Cítrica
21/07/2015,259.17,Polpa Cítrica
22/07/2015,271.0,Polpa Cítrica
23/07/2015,275.96,Polpa Cítrica
24/07/2015,256.66,Polpa Cítrica
25/07/2015,257.0,Polpa Cítrica
26/07/2015,272.5,Polpa Cítrica
27/07/2015,258.5,Polpa Cítrica
28/07/2015,269.91,Polpa Cítrica
29/07/2015,269.79,Polpa Cítrica
30/07/2015,262.23,Polpa Cítrica
31/07/2015,260.03,Polpa Cítrica
01/08/2015,295.0,Polpa Cítrica
04/08/2015,351.67,Polpa Cítrica
05/08/2015,347.5,Polpa Cítrica
07/08/2015,267.5,Polpa Cítrica
08/08/2015,238.0,Polpa Cítrica
09/08/2015,257.5,Polpa Cítrica
10/08/2015,272.5,Polpa Cítrica
12/08/2015,283.33,Polpa Cítrica
13/08/2015,251.67,Polpa Cítrica
14/08/2015,249.0,Polpa Cítrica
15/08/2015,247.0,Polpa Cítrica
17/08/2015,246.67,Polpa Cítrica
18/08/2015,234.0,Polpa Cítrica
19/08/2015,258.32,Polpa Cítrica
20/08/2015,240.0,Polpa Cítrica
21/08/2015,230.42,Polpa Cítrica
24/08/2015,239.58,Polpa Cítrica
25/08/2015,217.67,Polpa Cítrica
26/08/2015,220.71,Polpa Cítrica
27/08/2015,222.6,Polpa Cítrica
28/08/2015,253.87,Polpa Cítrica
29/08/2015,248.75,Polpa Cítrica
30/08/2015,250.0,Polpa Cítrica
31/08/2015,260.0,Polpa Cítrica
01/09/2015,307.0,Polpa Cítrica
02/09/2015,382.9,Polpa Cítrica
04/09/2015,352.67,Polpa Cítrica
05/09/2015,336.0,Polpa Cítrica
06/09/2015,267.0,Polpa Cítrica
07/09/2015,268.33,Polpa Cítrica
08/09/2015,237.77,Polpa Cítrica
09/09/2015,265.2,Polpa Cítrica
10/09/2015,280.0,Polpa Cítrica
12/09/2015,286.88,Polpa Cítrica
13/09/2015,270.0,Polpa Cítrica
14/09/2015,261.1,Polpa Cítrica
16/09/2015,254.15,Polpa Cítrica
17/09/2015,263.0,Polpa Cítrica
18/09/2015,263.33,Polpa Cítrica
19/09/2015,267.5,Polpa Cítrica
21/09/2015,259.82,Polpa Cítrica
22/09/2015,275.0,Polpa Cítrica
23/09/2015,262.5,Polpa Cítrica
24/09/2015,260.0,Polpa Cítrica
25/09/2015,270.0,Polpa Cítrica
26/09/2015,275.0,Polpa Cítrica
27/09/2015,270.0,Polpa Cítrica
28/09/2015,270.0,Polpa Cítrica
29/09/2015,268.33,Polpa Cítrica
30/09/2015,266.0,Polpa Cítrica
01/10/2015,310.22,Polpa Cítrica
03/10/2015,375.0,Polpa Cítrica
04/10/2015,350.0,Polpa Cítrica
06/10/2015,271.0,Polpa Cítrica
07/10/2015,261.25,Polpa Cítrica
08/10/2015,235.0,Polpa Cítrica
09/10/2015,280.0,Polpa Cítrica
10/10/2015,267.78,Polpa Cítrica
11/10/2015,273.29,Polpa Cítrica
12/10/2015,275.0,Polpa Cítrica
13/10/2015,275.0,Polpa Cítrica
14/10/2015,280.0,Polpa Cítrica
15/10/2015,275.05,Polpa Cítrica
16/10/2015,278.93,Polpa Cítrica
17/10/2015,267.86,Polpa Cítrica
18/10/2015,283.75,Polpa Cítrica
19/10/2015,272.5,Polpa Cítrica
20/10/2015,276.25,Polpa Cítrica
21/10/2015,265.71,Polpa Cítrica
22/10/2015,275.7,Polpa Cítrica
23/10/2015,270.46,Polpa Cítrica
24/10/2015,268.62,Polpa Cítrica
25/10/2015,280.0,Polpa Cítrica
26/10/2015,265.0,Polpa Cítrica
27/10/2015,272.5,Polpa Cítrica
28/10/2015,277.5,Polpa Cítrica
29/10/2015,268.44,Polpa Cítrica
30/10/2015,275.29,Polpa Cítrica
31/10/2015,277.5,Polpa Cítrica
02/11/2015,370.0,Polpa Cítrica
03/11/2015,385.0,Polpa Cítrica
04/11/2015,364.0,Polpa Cítrica
05/11/2015,340.0,Polpa Cítrica
06/11/2015,262.5,Polpa Cítrica
07/11/2015,262.5,Polpa Cítrica
08/11/2015,247.69,Polpa Cítrica
09/11/2015,250.0,Polpa Cítrica
11/11/2015,276.0,Polpa Cítrica
12/11/2015,285.59,Polpa Cítrica
13/11/2015,267.5,Polpa Cítrica
14/11/2015,282.86,Polpa Cítrica
15/11/2015,281.4,Polpa Cítrica
16/11/2015,283.66,Polpa Cítrica
17/11/2015,281.25,Polpa Cítrica
18/11/2015,278.6,Polpa Cítrica
19/11/2015,282.14,Polpa Cítrica
20/11/2015,279.5,Polpa Cítrica
21/11/2015,287.5,Polpa Cítrica
22/11/2015,276.67,Polpa Cítrica
23/11/2015,272.0,Polpa Cítrica
24/11/2015,278.83,Polpa Cítrica
25/11/2015,280.48,Polpa Cítrica
26/11/2015,272.6,Polpa Cítrica
27/11/2015,274.38,Polpa Cítrica
28/11/2015,281.22,Polpa Cítrica
29/11/2015,280.0,Polpa Cítrica
01/12/2015,315.0,Polpa Cítrica
02/12/2015,351.43,Polpa Cítrica
03/12/2015,400.0,Polpa Cítrica
05/12/2015,332.62,Polpa Cítrica
08/12/2015,242.45,Polpa Cítrica
09/12/2015,251.25,Polpa Cítrica
11/12/2015,274.41,Polpa Cítrica
12/12/2015,284.38,Polpa Cítrica
13/12/2015,278.53,Polpa Cítrica
14/12/2015,274.5,Polpa Cítrica
15/12/2015,283.75,Polpa Cítrica
16/12/2015,276.88,Polpa Cítrica
17/12/2015,276.44,Polpa Cítrica
18/12/2015,280.71,Polpa Cítrica
19/12/2015,287.4,Polpa Cítrica
20/12/2015,288.11,Polpa Cítrica
21/12/2015,288.33,Polpa Cítrica
22/12/2015,291.67,Polpa Cítrica
23/12/2015,292.15,Polpa Cítrica
24/12/2015,270.0,Polpa Cítrica
02/01/2016,349.0,Polpa Cítrica
03/01/2016,379.26,Polpa Cítrica
04/01/2016,426.0,Polpa Cítrica
06/01/2016,481.72,Polpa Cítrica
07/01/2016,457.88,Polpa Cítrica
08/01/2016,470.0,Polpa Cítrica
09/01/2016,545.0,Polpa Cítrica
10/01/2016,479.29,Polpa Cítrica
11/01/2016,650.0,Polpa Cítrica
12/01/2016,550.0,Polpa Cítrica
13/01/2016,323.33,Polpa Cítrica
14/01/2016,341.67,Polpa Cítrica
15/01/2016,330.0,Polpa Cítrica
16/01/2016,335.0,Polpa Cítrica
17/01/2016,295.0,Polpa Cítrica
18/01/2016,347.5,Polpa Cítrica
19/01/2016,326.47,Polpa Cítrica
20/01/2016,308.89,Polpa Cítrica
21/01/2016,321.33,Polpa Cítrica
22/01/2016,317.2,Polpa Cítrica
23/01/2016,321.0,Polpa Cítrica
24/01/2016,345.0,Polpa Cítrica
25/01/2016,308.33,Polpa Cítrica
26/01/2016,322.9,Polpa Cítrica
27/01/2016,317.14,Polpa Cítrica
28/01/2016,329.09,Polpa Cítrica
29/01/2016,333.74,Polpa Cítrica
30/01/2016,326.67,Polpa Cítrica
31/01/2016,340.0,Polpa Cítrica
02/02/2016,323.0,Polpa Cítrica
03/02/2016,369.82,Polpa Cítrica
04/02/2016,445.0,Polpa Cítrica
05/02/2016,502.5,Polpa Cítrica
06/02/2016,438.33,Polpa Cítrica
07/02/2016,428.22,Polpa Cítrica
08/02/2016,451.25,Polpa Cítrica
09/02/2016,600.0,Polpa Cítrica
10/02/2016,370.0,Polpa Cítrica
11/02/2016,520.0,Polpa Cítrica
12/02/2016,543.75,Polpa Cítrica
13/02/2016,370.83,Polpa Cítrica
15/02/2016,365.0,Polpa Cítrica
16/02/2016,370.0,Polpa Cítrica
17/02/2016,375.0,Polpa Cítrica
18/02/2016,310.0,Polpa Cítrica
19/02/2016,397.0,Polpa Cítrica
20/02/2016,380.0,Polpa Cítrica
22/02/2016,370.0,Polpa Cítrica
24/02/2016,420.0,Polpa Cítrica
25/02/2016,360.0,Polpa Cítrica
26/02/2016,380.0,Polpa Cítrica
02/03/2016,295.0,Polpa Cítrica
03/03/2016,382.25,Polpa Cítrica
05/03/2016,484.0,Polpa Cítrica
06/03/2016,415.0,Polpa Cítrica
07/03/2016,412.0,Polpa Cítrica
08/03/2016,503.33,Polpa Cítrica
09/03/2016,565.0,Polpa Cítrica
10/03/2016,487.83,Polpa Cítrica
11/03/2016,572.5,Polpa Cítrica
12/03/2016,688.33,Polpa Cítrica
14/03/2016,414.0,Polpa Cítrica
15/03/2016,425.0,Polpa Cítrica
16/03/2016,397.5,Polpa Cítrica
17/03/2016,412.0,Polpa Cítrica
18/03/2016,416.5,Polpa Cítrica
19/03/2016,416.67,Polpa Cítrica
21/03/2016,415.0,Polpa Cítrica
22/03/2016,425.0,Polpa Cítrica
23/03/2016,410.67,Polpa Cítrica
24/03/2016,421.0,Polpa Cítrica
28/03/2016,448.0,Polpa Cítrica
29/03/2016,457.75,Polpa Cítrica
30/03/2016,422.5,Polpa Cítrica
31/03/2016,420.0,Polpa Cítrica
01/04/2016,330.0,Polpa Cítrica
02/04/2016,358.75,Polpa Cítrica
03/04/2016,393.43,Polpa Cítrica
04/04/2016,432.5,Polpa Cítrica
05/04/2016,499.29,Polpa Cítrica
06/04/2016,405.33,Polpa Cítrica
07/04/2016,387.5,Polpa Cítrica
08/04/2016,525.0,Polpa Cítrica
10/04/2016,592.43,Polpa Cítrica
11/04/2016,390.0,Polpa Cítrica
13/04/2016,491.25,Polpa Cítrica
14/04/2016,502.5,Polpa Cítrica
15/04/2016,513.33,Polpa Cítrica
16/04/2016,495.0,Polpa Cítrica
18/04/2016,486.67,Polpa Cítrica
19/04/2016,501.4,Polpa Cítrica
20/04/2016,511.67,Polpa Cítrica
22/04/2016,507.0,Polpa Cítrica
25/04/2016,506.67,Polpa Cítrica
26/04/2016,497.5,Polpa Cítrica
27/04/2016,510.0,Polpa Cítrica
28/04/2016,498.5,Polpa Cítrica
29/04/2016,501.67,Polpa Cítrica
30/04/2016,488.33,Polpa Cítrica
01/05/2016,312.0,Polpa Cítrica
02/05/2016,335.71,Polpa Cítrica
03/05/2016,415.0,Polpa Cítrica
04/05/2016,420.0,Polpa Cítrica
05/05/2016,517.5,Polpa Cítrica
06/05/2016,420.0,Polpa Cítrica
07/05/2016,456.25,Polpa Cítrica
08/05/2016,482.0,Polpa Cítrica
09/05/2016,520.0,Polpa Cítrica
10/05/2016,581.0,Polpa Cítrica
12/05/2016,390.0,Polpa Cítrica
13/05/2016,500.0,Polpa Cítrica
14/05/2016,493.33,Polpa Cítrica
15/05/2016,495.0,Polpa Cítrica
16/05/2016,490.0,Polpa Cítrica
17/05/2016,495.83,Polpa Cítrica
18/05/2016,490.0,Polpa Cítrica
19/05/2016,480.0,Polpa Cítrica
20/05/2016,488.8,Polpa Cítrica
21/05/2016,491.25,Polpa Cítrica
23/05/2016,505.33,Polpa Cítrica
24/05/2016,500.0,Polpa Cítrica
25/05/2016,497.14,Polpa Cítrica
26/05/2016,495.0,Polpa Cítrica
28/05/2016,510.0,Polpa Cítrica
30/05/2016,507.5,Polpa Cítrica
31/05/2016,489.17,Polpa Cítrica
01/06/2016,333.0,Polpa Cítrica
02/06/2016,346.25,Polpa Cítrica
05/06/2016,450.0,Polpa Cítrica
06/06/2016,425.0,Polpa Cítrica
07/06/2016,490.0,Polpa Cítrica
08/06/2016,461.67,Polpa Cítrica
09/06/2016,506.67,Polpa Cítrica
10/06/2016,634.17,Polpa Cítrica
12/06/2016,690.0,Polpa Cítrica
13/06/2016,416.67,Polpa Cítrica
14/06/2016,437.55,Polpa Cítrica
15/06/2016,420.83,Polpa Cítrica
16/06/2016,415.68,Polpa Cítrica
17/06/2016,463.62,Polpa Cítrica
18/06/2016,442.73,Polpa Cítrica
19/06/2016,433.33,Polpa Cítrica
20/06/2016,438.4,Polpa Cítrica
21/06/2016,457.0,Polpa Cítrica
22/06/2016,462.0,Polpa Cítrica
23/06/2016,446.43,Polpa Cítrica
24/06/2016,433.75,Polpa Cítrica
25/06/2016,407.14,Polpa Cítrica
26/06/2016,406.0,Polpa Cítrica
27/06/2016,450.33,Polpa Cítrica
28/06/2016,469.7,Polpa Cítrica
29/06/2016,485.11,Polpa Cítrica
30/06/2016,454.77,Polpa Cítrica
01/07/2016,333.82,Polpa Cítrica
03/07/2016,390.43,Polpa Cítrica
04/07/2016,452.67,Polpa Cítrica
05/07/2016,492.86,Polpa Cítrica
06/07/2016,406.0,Polpa Cítrica
07/07/2016,436.67,Polpa Cítrica
08/07/2016,550.0,Polpa Cítrica
09/07/2016,540.0,Polpa Cítrica
10/07/2016,549.0,Polpa Cítrica
11/07/2016,596.25,Polpa Cítrica
12/07/2016,581.68,Polpa Cítrica
13/07/2016,497.0,Polpa Cítrica
14/07/2016,462.5,Polpa Cítrica
15/07/2016,435.0,Polpa Cítrica
16/07/2016,485.19,Polpa Cítrica
18/07/2016,456.25,Polpa Cítrica
19/07/2016,439.17,Polpa Cítrica
20/07/2016,458.6,Polpa Cítrica
21/07/2016,453.2,Polpa Cítrica
22/07/2016,473.82,Polpa Cítrica
23/07/2016,463.0,Polpa Cítrica
25/07/2016,460.0,Polpa Cítrica
26/07/2016,505.0,Polpa Cítrica
27/07/2016,486.0,Polpa Cítrica
28/07/2016,505.4,Polpa Cítrica
29/07/2016,474.0,Polpa Cítrica
30/07/2016,523.33,Polpa Cítrica
01/08/2016,353.75,Polpa Cítrica
02/08/2016,315.0,Polpa Cítrica
03/08/2016,415.0,Polpa Cítrica
04/08/2016,487.5,Polpa Cítrica
06/08/2016,436.5,Polpa Cítrica
07/08/2016,443.33,Polpa Cítrica
08/08/2016,540.0,Polpa Cítrica
09/08/2016,516.25,Polpa Cítrica
10/08/2016,638.0,Polpa Cítrica
11/08/2016,391.67,Polpa Cítrica
12/08/2016,653.75,Polpa Cítrica
13/08/2016,470.0,Polpa Cítrica
15/08/2016,420.83,Polpa Cítrica
16/08/2016,511.84,Polpa Cítrica
17/08/2016,456.67,Polpa Cítrica
18/08/2016,495.46,Polpa Cítrica
19/08/2016,483.33,Polpa Cítrica
20/08/2016,460.0,Polpa Cítrica
21/08/2016,510.0,Polpa Cítrica
23/08/2016,501.67,Polpa Cítrica
24/08/2016,523.49,Polpa Cítrica
25/08/2016,468.85,Polpa Cítrica
26/08/2016,535.0,Polpa Cítrica
27/08/2016,552.5,Polpa Cítrica
28/08/2016,690.0,Polpa Cítrica
29/08/2016,570.0,Polpa Cítrica
30/08/2016,506.25,Polpa Cítrica
31/08/2016,535.67,Polpa Cítrica
01/09/2016,322.5,Polpa Cítrica
03/09/2016,421.25,Polpa Cítrica
05/09/2016,498.6,Polpa Cítrica
06/09/2016,413.33,Polpa Cítrica
08/09/2016,482.0,Polpa Cítrica
09/09/2016,488.33,Polpa Cítrica
11/09/2016,528.0,Polpa Cítrica
12/09/2016,681.67,Polpa Cítrica
13/09/2016,502.0,Polpa Cítrica
14/09/2016,532.5,Polpa Cítrica
15/09/2016,559.0,Polpa Cítrica
16/09/2016,576.6,Polpa Cítrica
17/09/2016,448.0,Polpa Cítrica
18/09/2016,498.0,Polpa Cítrica
19/09/2016,510.0,Polpa Cítrica
20/09/2016,577.6,Polpa Cítrica
21/09/2016,616.25,Polpa Cítrica
22/09/2016,572.0,Polpa Cítrica
23/09/2016,580.71,Polpa Cítrica
24/09/2016,467.5,Polpa Cítrica
25/09/2016,478.75,Polpa Cítrica
26/09/2016,550.0,Polpa Cítrica
27/09/2016,592.86,Polpa Cítrica
28/09/2016,569.0,Polpa Cítrica
29/09/2016,489.22,Polpa Cítrica
30/09/2016,617.2,Polpa Cítrica
01/10/2016,340.0,Polpa Cítrica
02/10/2016,365.0,Polpa Cítrica
03/10/2016,415.0,Polpa Cítrica
05/10/2016,499.11,Polpa Cítrica
06/10/2016,458.5,Polpa Cítrica
08/10/2016,482.92,Polpa Cítrica
09/10/2016,476.67,Polpa Cítrica
10/10/2016,628.33,Polpa Cítrica
11/10/2016,537.19,Polpa Cítrica
13/10/2016,582.5,Polpa Cítrica
14/10/2016,592.5,Polpa Cítrica
15/10/2016,566.0,Polpa Cítrica
18/10/2016,559.0,Polpa Cítrica
19/10/2016,547.0,Polpa Cítrica
20/10/2016,677.85,Polpa Cítrica
21/10/2016,546.48,Polpa Cítrica
22/10/2016,710.0,Polpa Cítrica
24/10/2016,675.0,Polpa Cítrica
25/10/2016,517.5,Polpa Cítrica
26/10/2016,455.0,Polpa Cítrica
27/10/2016,636.25,Polpa Cítrica
28/10/2016,587.86,Polpa Cítrica
29/10/2016,526.25,Polpa Cítrica
31/10/2016,462.5,Polpa Cítrica
01/11/2016,315.0,Polpa Cítrica
02/11/2016,351.25,Polpa Cítrica
03/11/2016,422.0,Polpa Cítrica
05/11/2016,496.52,Polpa Cítrica
06/11/2016,452.92,Polpa Cítrica
07/11/2016,431.0,Polpa Cítrica
08/11/2016,518.67,Polpa Cítrica
10/11/2016,536.67,Polpa Cítrica
11/11/2016,537.0,Polpa Cítrica
12/11/2016,285.0,Polpa Cítrica
13/11/2016,522.5,Polpa Cítrica
14/11/2016,512.5,Polpa Cítrica
15/11/2016,450.0,Polpa Cítrica
16/11/2016,555.0,Polpa Cítrica
17/11/2016,609.29,Polpa Cítrica
18/11/2016,557.5,Polpa Cítrica
19/11/2016,608.12,Polpa Cítrica
21/11/2016,678.0,Polpa Cítrica
22/11/2016,637.53,Polpa Cítrica
23/11/2016,593.33,Polpa Cítrica
24/11/2016,577.5,Polpa Cítrica
25/11/2016,551.67,Polpa Cítrica
26/11/2016,619.0,Polpa Cítrica
27/11/2016,370.0,Polpa Cítrica
28/11/2016,680.0,Polpa Cítrica
29/11/2016,690.0,Polpa Cítrica
30/11/2016,495.0,Polpa Cítrica
01/12/2016,343.6,Polpa Cítrica
02/12/2016,386.0,Polpa Cítrica
03/12/2016,410.0,Polpa Cítrica
04/12/2016,505.0,Polpa Cítrica
05/12/2016,505.62,Polpa Cítrica
06/12/2016,463.33,Polpa Cítrica
07/12/2016,445.83,Polpa Cítrica
08/12/2016,498.22,Polpa Cítrica
09/12/2016,555.0,Polpa Cítrica
11/12/2016,473.33,Polpa Cítrica
12/12/2016,655.0,Polpa Cítrica
13/12/2016,380.0,Polpa Cítrica
14/12/2016,546.67,Polpa Cítrica
15/12/2016,722.0,Polpa Cítrica
16/12/2016,690.71,Polpa Cítrica
17/12/2016,380.0,Polpa Cítrica
19/12/2016,380.0,Polpa Cítrica
20/12/2016,740.0,Polpa Cítrica
21/12/2016,683.33,Polpa Cítrica
22/12/2016,612.5,Polpa Cítrica
23/12/2016,695.0,Polpa Cítrica
27/12/2016,583.33,Polpa Cítrica
28/12/2016,741.67,Polpa Cítrica
29/12/2016,730.0,Polpa Cítrica
30/12/2016,555.0,Polpa Cítrica
02/01/2017,502.5,Polpa Cítrica
05/01/2017,490.0,Polpa Cítrica
06/01/2017,294.85,Polpa Cítrica
07/01/2017,243.75,Polpa Cítrica
08/01/2017,171.0,Polpa Cítrica
09/01/2017,184.0,Polpa Cítrica
10/01/2017,155.0,Polpa Cítrica
11/01/2017,239.88,Polpa Cítrica
12/01/2017,258.87,Polpa Cítrica
13/01/2017,626.67,Polpa Cítrica
14/01/2017,380.0,Polpa Cítrica
16/01/2017,730.0,Polpa Cítrica
17/01/2017,736.67,Polpa Cítrica
18/01/2017,745.0,Polpa Cítrica
19/01/2017,615.0,Polpa Cítrica
20/01/2017,756.67,Polpa Cítrica
21/01/2017,735.0,Polpa Cítrica
23/01/2017,625.0,Polpa Cítrica
24/01/2017,742.0,Polpa Cítrica
25/01/2017,750.0,Polpa Cítrica
26/01/2017,724.0,Polpa Cítrica
30/01/2017,735.0,Polpa Cítrica
31/01/2017,745.0,Polpa Cítrica
01/02/2017,665.0,Polpa Cítrica
03/02/2017,740.0,Polpa Cítrica
05/02/2017,520.0,Polpa Cítrica
06/02/2017,269.17,Polpa Cítrica
07/02/2017,210.0,Polpa Cítrica
08/02/2017,171.5,Polpa Cítrica
09/02/2017,187.14,Polpa Cítrica
10/02/2017,190.25,Polpa Cítrica
11/02/2017,240.47,Polpa Cítrica
12/02/2017,271.54,Polpa Cítrica
13/02/2017,765.0,Polpa Cítrica
14/02/2017,707.5,Polpa Cítrica
15/02/2017,765.0,Polpa Cítrica
16/02/2017,770.0,Polpa Cítrica
17/02/2017,747.5,Polpa Cítrica
20/02/2017,687.71,Polpa Cítrica
21/02/2017,752.5,Polpa Cítrica
22/02/2017,789.0,Polpa Cítrica
23/02/2017,732.5,Polpa Cítrica
24/02/2017,719.0,Polpa Cítrica
25/02/2017,740.0,Polpa Cítrica
01/03/2017,735.0,Polpa Cítrica
03/03/2017,725.0,Polpa Cítrica
04/03/2017,656.5,Polpa Cítrica
05/03/2017,395.0,Polpa Cítrica
06/03/2017,277.8,Polpa Cítrica
07/03/2017,234.71,Polpa Cítrica
08/03/2017,182.27,Polpa Cítrica
09/03/2017,201.67,Polpa Cítrica
10/03/2017,193.29,Polpa Cítrica
11/03/2017,238.58,Polpa Cítrica
12/03/2017,257.5,Polpa Cítrica
14/03/2017,705.0,Polpa Cítrica
15/03/2017,690.0,Polpa Cítrica
16/03/2017,685.0,Polpa Cítrica
17/03/2017,680.0,Polpa Cítrica
20/03/2017,690.0,Polpa Cítrica
21/03/2017,660.0,Polpa Cítrica
22/03/2017,677.5,Polpa Cítrica
23/03/2017,537.5,Polpa Cítrica
24/03/2017,707.0,Polpa Cítrica
27/03/2017,678.5,Polpa Cítrica
28/03/2017,630.0,Polpa Cítrica
29/03/2017,532.5,Polpa Cítrica
30/03/2017,675.0,Polpa Cítrica
31/03/2017,493.12,Polpa Cítrica
01/04/2017,740.0,Polpa Cítrica
03/04/2017,621.0,Polpa Cítrica
04/04/2017,630.0,Polpa Cítrica
07/04/2017,234.78,Polpa Cítrica
08/04/2017,208.58,Polpa Cítrica
09/04/2017,193.75,Polpa Cítrica
10/04/2017,208.16,Polpa Cítrica
11/04/2017,236.36,Polpa Cítrica
12/04/2017,275.0,Polpa Cítrica
13/04/2017,690.0,Polpa Cítrica
18/04/2017,620.0,Polpa Cítrica
19/04/2017,635.0,Polpa Cítrica
22/04/2017,550.0,Polpa Cítrica
24/04/2017,545.0,Polpa Cítrica
27/04/2017,513.0,Polpa Cítrica
28/04/2017,507.5,Polpa Cítrica
29/04/2017,545.0,Polpa Cítrica
01/05/2017,730.0,Polpa Cítrica
04/05/2017,633.33,Polpa Cítrica
05/05/2017,450.0,Polpa Cítrica
06/05/2017,295.09,Polpa Cítrica
07/05/2017,217.22,Polpa Cítrica
08/05/2017,202.5,Polpa Cítrica
09/05/2017,195.33,Polpa Cítrica
10/05/2017,190.38,Polpa Cítrica
11/05/2017,215.0,Polpa Cítrica
12/05/2017,268.08,Polpa Cítrica
13/05/2017,404.67,Polpa Cítrica
14/05/2017,415.0,Polpa Cítrica
15/05/2017,377.5,Polpa Cítrica
16/05/2017,368.33,Polpa Cítrica
17/05/2017,321.25,Polpa Cítrica
18/05/2017,375.83,Polpa Cítrica
19/05/2017,325.0,Polpa Cítrica
20/05/2017,320.0,Polpa Cítrica
23/05/2017,337.0,Polpa Cítrica
24/05/2017,312.0,Polpa Cítrica
25/05/2017,311.4,Polpa Cítrica
26/05/2017,317.14,Polpa Cítrica
27/05/2017,290.5,Polpa Cítrica
29/05/2017,313.75,Polpa Cítrica
30/05/2017,296.5,Polpa Cítrica
31/05/2017,292.14,Polpa Cítrica
01/06/2017,651.25,Polpa Cítrica
03/06/2017,687.5,Polpa Cítrica
04/06/2017,612.5,Polpa Cítrica
06/06/2017,298.33,Polpa Cítrica
07/06/2017,219.09,Polpa Cítrica
08/06/2017,175.0,Polpa Cítrica
09/06/2017,200.0,Polpa Cítrica
10/06/2017,197.2,Polpa Cítrica
11/06/2017,246.67,Polpa Cítrica
12/06/2017,257.5,Polpa Cítrica
13/06/2017,303.0,Polpa Cítrica
14/06/2017,298.33,Polpa Cítrica
15/06/2017,275.0,Polpa Cítrica
16/06/2017,247.86,Polpa Cítrica
17/06/2017,264.17,Polpa Cítrica
18/06/2017,315.0,Polpa Cítrica
20/06/2017,282.5,Polpa Cítrica
21/06/2017,286.44,Polpa Cítrica
22/06/2017,249.29,Polpa Cítrica
23/06/2017,247.45,Polpa Cítrica
24/06/2017,233.8,Polpa Cítrica
25/06/2017,212.5,Polpa Cítrica
26/06/2017,237.5,Polpa Cítrica
27/06/2017,253.45,Polpa Cítrica
28/06/2017,251.5,Polpa Cítrica
29/06/2017,245.0,Polpa Cítrica
30/06/2017,243.12,Polpa Cítrica
01/07/2017,700.0,Polpa Cítrica
02/07/2017,745.0,Polpa Cítrica
03/07/2017,370.0,Polpa Cítrica
04/07/2017,592.5,Polpa Cítrica
06/07/2017,284.75,Polpa Cítrica
07/07/2017,241.06,Polpa Cítrica
08/07/2017,185.0,Polpa Cítrica
09/07/2017,179.29,Polpa Cítrica
10/07/2017,196.86,Polpa Cítrica
11/07/2017,245.36,Polpa Cítrica
12/07/2017,266.67,Polpa Cítrica
13/07/2017,173.85,Polpa Cítrica
14/07/2017,181.93,Polpa Cítrica
15/07/2017,182.0,Polpa Cítrica
16/07/2017,170.0,Polpa Cítrica
17/07/2017,160.0,Polpa Cítrica
18/07/2017,180.36,Polpa Cítrica
19/07/2017,204.42,Polpa Cítrica
20/07/2017,188.12,Polpa Cítrica
21/07/2017,172.78,Polpa Cítrica
22/07/2017,181.43,Polpa Cítrica
23/07/2017,210.0,Polpa Cítrica
24/07/2017,178.75,Polpa Cítrica
25/07/2017,193.67,Polpa Cítrica
26/07/2017,182.22,Polpa Cítrica
27/07/2017,172.92,Polpa Cítrica
28/07/2017,180.62,Polpa Cítrica
29/07/2017,186.32,Polpa Cítrica
30/07/2017,166.82,Polpa Cítrica
31/07/2017,205.91,Polpa Cítrica
02/08/2017,385.0,Polpa Cítrica
03/08/2017,370.0,Polpa Cítrica
05/08/2017,450.0,Polpa Cítrica
06/08/2017,288.01,Polpa Cítrica
07/08/2017,191.88,Polpa Cítrica
08/08/2017,191.25,Polpa Cítrica
09/08/2017,188.71,Polpa Cítrica
10/08/2017,167.5,Polpa Cítrica
11/08/2017,248.5,Polpa Cítrica
12/08/2017,265.83,Polpa Cítrica
13/08/2017,200.0,Polpa Cítrica
14/08/2017,196.67,Polpa Cítrica
15/08/2017,199.17,Polpa Cítrica
16/08/2017,201.6,Polpa Cítrica
17/08/2017,189.58,Polpa Cítrica
18/08/2017,218.2,Polpa Cítrica
19/08/2017,198.33,Polpa Cítrica
20/08/2017,190.0,Polpa Cítrica
21/08/2017,205.0,Polpa Cítrica
22/08/2017,189.67,Polpa Cítrica
23/08/2017,235.0,Polpa Cítrica
24/08/2017,176.94,Polpa Cítrica
25/08/2017,179.44,Polpa Cítrica
26/08/2017,185.0,Polpa Cítrica
27/08/2017,188.33,Polpa Cítrica
28/08/2017,200.62,Polpa Cítrica
29/08/2017,206.77,Polpa Cítrica
30/08/2017,181.5,Polpa Cítrica
31/08/2017,198.31,Polpa Cítrica
01/09/2017,736.67,Polpa Cítrica
02/09/2017,845.0,Polpa Cítrica
03/09/2017,567.5,Polpa Cítrica
05/09/2017,422.5,Polpa Cítrica
06/09/2017,286.0,Polpa Cítrica
07/09/2017,145.0,Polpa Cítrica
08/09/2017,187.08,Polpa Cítrica
09/09/2017,185.38,Polpa Cítrica
10/09/2017,194.62,Polpa Cítrica
11/09/2017,229.41,Polpa Cítrica
12/09/2017,271.11,Polpa Cítrica
13/09/2017,181.69,Polpa Cítrica
14/09/2017,171.19,Polpa Cítrica
15/09/2017,183.25,Polpa Cítrica
16/09/2017,172.08,Polpa Cítrica
17/09/2017,186.36,Polpa Cítrica
18/09/2017,165.71,Polpa Cítrica
19/09/2017,172.0,Polpa Cítrica
20/09/2017,176.25,Polpa Cítrica
21/09/2017,191.18,Polpa Cítrica
22/09/2017,173.33,Polpa Cítrica
23/09/2017,179.4,Polpa Cítrica
25/09/2017,172.0,Polpa Cítrica
26/09/2017,173.31,Polpa Cítrica
27/09/2017,186.86,Polpa Cítrica
28/09/2017,171.69,Polpa Cítrica
29/09/2017,195.87,Polpa Cítrica
30/09/2017,167.35,Polpa Cítrica
01/10/2017,710.0,Polpa Cítrica
02/10/2017,385.0,Polpa Cítrica
03/10/2017,701.67,Polpa Cítrica
04/10/2017,605.0,Polpa Cítrica
05/10/2017,436.25,Polpa Cítrica
06/10/2017,257.25,Polpa Cítrica
07/10/2017,162.5,Polpa Cítrica
08/10/2017,171.88,Polpa Cítrica
09/10/2017,145.0,Polpa Cítrica
10/10/2017,229.33,Polpa Cítrica
11/10/2017,256.38,Polpa Cítrica
12/10/2017,265.0,Polpa Cítrica
13/10/2017,227.5,Polpa Cítrica
14/10/2017,214.55,Polpa Cítrica
15/10/2017,205.0,Polpa Cítrica
16/10/2017,221.82,Polpa Cítrica
17/10/2017,226.06,Polpa Cítrica
18/10/2017,243.12,Polpa Cítrica
19/10/2017,213.18,Polpa Cítrica
20/10/2017,233.07,Polpa Cítrica
21/10/2017,229.24,Polpa Cítrica
22/10/2017,221.67,Polpa Cítrica
23/10/2017,252.5,Polpa Cítrica
24/10/2017,224.09,Polpa Cítrica
25/10/2017,243.24,Polpa Cítrica
26/10/2017,230.88,Polpa Cítrica
27/10/2017,248.73,Polpa Cítrica
28/10/2017,234.79,Polpa Cítrica
29/10/2017,236.88,Polpa Cítrica
30/10/2017,211.43,Polpa Cítrica
31/10/2017,226.07,Polpa Cítrica
01/11/2017,552.5,Polpa Cítrica
02/11/2017,395.0,Polpa Cítrica
03/11/2017,680.0,Polpa Cítrica
04/11/2017,595.0,Polpa Cítrica
05/11/2017,391.68,Polpa Cítrica
07/11/2017,180.0,Polpa Cítrica
08/11/2017,199.0,Polpa Cítrica
09/11/2017,198.12,Polpa Cítrica
10/11/2017,213.69,Polpa Cítrica
11/11/2017,243.38,Polpa Cítrica
12/11/2017,265.0,Polpa Cítrica
13/11/2017,253.89,Polpa Cítrica
14/11/2017,254.85,Polpa Cítrica
15/11/2017,250.0,Polpa Cítrica
16/11/2017,245.0,Polpa Cítrica
17/11/2017,256.92,Polpa Cítrica
18/11/2017,261.36,Polpa Cítrica
19/11/2017,277.5,Polpa Cítrica
20/11/2017,225.56,Polpa Cítrica
21/11/2017,253.93,Polpa Cítrica
22/11/2017,225.55,Polpa Cítrica
23/11/2017,264.33,Polpa Cítrica
24/11/2017,247.06,Polpa Cítrica
25/11/2017,246.67,Polpa Cítrica
26/11/2017,225.83,Polpa Cítrica
27/11/2017,259.38,Polpa Cítrica
28/11/2017,262.31,Polpa Cítrica
29/11/2017,256.25,Polpa Cítrica
30/11/2017,267.14,Polpa Cítrica
01/12/2017,730.0,Polpa Cítrica
04/12/2017,595.0,Polpa Cítrica
05/12/2017,432.0,Polpa Cítrica
06/12/2017,277.5,Polpa Cítrica
07/12/2017,185.0,Polpa Cítrica
08/12/2017,182.92,Polpa Cítrica
09/12/2017,189.92,Polpa Cítrica
10/12/2017,221.19,Polpa Cítrica
11/12/2017,289.0,Polpa Cítrica
12/12/2017,279.0,Polpa Cítrica
13/12/2017,268.42,Polpa Cítrica
14/12/2017,260.45,Polpa Cítrica
15/12/2017,297.78,Polpa Cítrica
16/12/2017,264.8,Polpa Cítrica
17/12/2017,261.67,Polpa Cítrica
18/12/2017,266.25,Polpa Cítrica
19/12/2017,261.88,Polpa Cítrica
20/12/2017,267.5,Polpa Cítrica
21/12/2017,260.33,Polpa Cítrica
22/12/2017,263.94,Polpa Cítrica
23/12/2017,266.67,Polpa Cítrica
26/12/2017,254.17,Polpa Cítrica
27/12/2017,276.43,Polpa Cítrica
28/12/2017,269.09,Polpa Cítrica
29/12/2017,262.27,Polpa Cítrica
30/12/2017,272.31,Polpa Cítrica
31/12/2017,245.0,Polpa Cítrica
02/01/2018,265.5,Polpa Cítrica
03/01/2018,315.0,Polpa Cítrica
06/01/2018,428.0,Polpa Cítrica
07/01/2018,426.25,Polpa Cítrica
08/01/2018,408.12,Polpa Cítrica
09/01/2018,424.0,Polpa Cítrica
10/01/2018,526.25,Polpa Cítrica
11/01/2018,519.44,Polpa Cítrica
12/01/2018,447.14,Polpa Cítrica
13/01/2018,266.25,Polpa Cítrica
14/01/2018,258.3,Polpa Cítrica
15/01/2018,272.31,Polpa Cítrica
16/01/2018,272.89,Polpa Cítrica
17/01/2018,270.0,Polpa Cítrica
18/01/2018,273.36,Polpa Cítrica
19/01/2018,265.29,Polpa Cítrica
20/01/2018,281.88,Polpa Cítrica
21/01/2018,265.0,Polpa Cítrica
22/01/2018,278.75,Polpa Cítrica
23/01/2018,277.33,Polpa Cítrica
24/01/2018,276.43,Polpa Cítrica
25/01/2018,270.77,Polpa Cítrica
26/01/2018,268.57,Polpa Cítrica
27/01/2018,275.0,Polpa Cítrica
29/01/2018,293.33,Polpa Cítrica
30/01/2018,280.0,Polpa Cítrica
31/01/2018,281.0,Polpa Cítrica
01/02/2018,272.5,Polpa Cítrica
02/02/2018,268.82,Polpa Cítrica
03/02/2018,313.33,Polpa Cítrica
04/02/2018,455.0,Polpa Cítrica
05/02/2018,463.33,Polpa Cítrica
06/02/2018,425.0,Polpa Cítrica
07/02/2018,449.17,Polpa Cítrica
08/02/2018,417.63,Polpa Cítrica
10/02/2018,498.0,Polpa Cítrica
11/02/2018,470.0,Polpa Cítrica
12/02/2018,450.0,Polpa Cítrica
14/02/2018,280.0,Polpa Cítrica
15/02/2018,284.44,Polpa Cítrica
16/02/2018,309.38,Polpa Cítrica
17/02/2018,280.0,Polpa Cítrica
19/02/2018,292.86,Polpa Cítrica
20/02/2018,283.75,Polpa Cítrica
21/02/2018,295.0,Polpa Cítrica
22/02/2018,303.33,Polpa Cítrica
23/02/2018,280.0,Polpa Cítrica
26/02/2018,280.0,Polpa Cítrica
27/02/2018,305.0,Polpa Cítrica
28/02/2018,315.0,Polpa Cítrica
01/03/2018,260.83,Polpa Cítrica
02/03/2018,261.67,Polpa Cítrica
03/03/2018,345.0,Polpa Cítrica
04/03/2018,407.5,Polpa Cítrica
05/03/2018,462.5,Polpa Cítrica
06/03/2018,470.0,Polpa Cítrica
07/03/2018,438.12,Polpa Cítrica
08/03/2018,420.68,Polpa Cítrica
09/03/2018,430.0,Polpa Cítrica
10/03/2018,428.0,Polpa Cítrica
11/03/2018,541.17,Polpa Cítrica
12/03/2018,477.86,Polpa Cítrica
13/03/2018,364.17,Polpa Cítrica
14/03/2018,275.0,Polpa Cítrica
15/03/2018,405.83,Polpa Cítrica
16/03/2018,394.0,Polpa Cítrica
19/03/2018,455.0,Polpa Cítrica
20/03/2018,400.0,Polpa Cítrica
21/03/2018,418.0,Polpa Cítrica
22/03/2018,462.5,Polpa Cítrica
23/03/2018,520.0,Polpa Cítrica
24/03/2018,310.0,Polpa Cítrica
26/03/2018,465.0,Polpa Cítrica
27/03/2018,411.25,Polpa Cítrica
28/03/2018,439.29,Polpa Cítrica
29/03/2018,423.12,Polpa Cítrica
01/04/2018,282.69,Polpa Cítrica
04/04/2018,403.89,Polpa Cítrica
05/04/2018,424.38,Polpa Cítrica
06/04/2018,444.0,Polpa Cítrica
07/04/2018,443.89,Polpa Cítrica
08/04/2018,407.61,Polpa Cítrica
09/04/2018,432.5,Polpa Cítrica
10/04/2018,458.75,Polpa Cítrica
12/04/2018,459.38,Polpa Cítrica
13/04/2018,402.5,Polpa Cítrica
14/04/2018,450.0,Polpa Cítrica
16/04/2018,466.25,Polpa Cítrica
17/04/2018,415.71,Polpa Cítrica
18/04/2018,462.5,Polpa Cítrica
19/04/2018,421.6,Polpa Cítrica
20/04/2018,410.89,Polpa Cítrica
23/04/2018,468.33,Polpa Cítrica
24/04/2018,397.0,Polpa Cítrica
25/04/2018,460.0,Polpa Cítrica
26/04/2018,345.0,Polpa Cítrica
27/04/2018,459.5,Polpa Cítrica
28/04/2018,463.33,Polpa Cítrica
01/05/2018,275.56,Polpa Cítrica
02/05/2018,275.71,Polpa Cítrica
03/05/2018,375.0,Polpa Cítrica
04/05/2018,365.0,Polpa Cítrica
05/05/2018,430.0,Polpa Cítrica
06/05/2018,411.67,Polpa Cítrica
07/05/2018,448.12,Polpa Cítrica
09/05/2018,457.0,Polpa Cítrica
10/05/2018,492.0,Polpa Cítrica
11/05/2018,560.0,Polpa Cítrica
12/05/2018,473.08,Polpa Cítrica
15/05/2018,431.67,Polpa Cítrica
16/05/2018,460.0,Polpa Cítrica
17/05/2018,410.0,Polpa Cítrica
18/05/2018,423.75,Polpa Cítrica
19/05/2018,426.67,Polpa Cítrica
22/05/2018,418.0,Polpa Cítrica
23/05/2018,421.67,Polpa Cítrica
01/06/2018,271.67,Polpa Cítrica
02/06/2018,266.94,Polpa Cítrica
03/06/2018,315.0,Polpa Cítrica
04/06/2018,457.14,Polpa Cítrica
06/06/2018,420.0,Polpa Cítrica
07/06/2018,450.45,Polpa Cítrica
08/06/2018,425.0,Polpa Cítrica
09/06/2018,432.5,Polpa Cítrica
10/06/2018,475.0,Polpa Cítrica
11/06/2018,536.33,Polpa Cítrica
12/06/2018,465.56,Polpa Cítrica
13/06/2018,441.79,Polpa Cítrica
14/06/2018,437.14,Polpa Cítrica
15/06/2018,446.88,Polpa Cítrica
16/06/2018,429.69,Polpa Cítrica
17/06/2018,436.67,Polpa Cítrica
18/06/2018,434.38,Polpa Cítrica
19/06/2018,455.83,Polpa Cítrica
20/06/2018,459.83,Polpa Cítrica
21/06/2018,457.78,Polpa Cítrica
22/06/2018,449.75,Polpa Cítrica
23/06/2018,448.04,Polpa Cítrica
25/06/2018,455.38,Polpa Cítrica
26/06/2018,437.69,Polpa Cítrica
27/06/2018,459.29,Polpa Cítrica
28/06/2018,435.0,Polpa Cítrica
29/06/2018,439.8,Polpa Cítrica
30/06/2018,437.19,Polpa Cítrica
01/07/2018,270.0,Polpa Cítrica
02/07/2018,265.38,Polpa Cítrica
03/07/2018,349.29,Polpa Cítrica
04/07/2018,450.0,Polpa Cítrica
06/07/2018,445.83,Polpa Cítrica
07/07/2018,425.91,Polpa Cítrica
08/07/2018,439.8,Polpa Cítrica
09/07/2018,465.0,Polpa Cítrica
10/07/2018,495.0,Polpa Cítrica
11/07/2018,417.0,Polpa Cítrica
12/07/2018,473.0,Polpa Cítrica
13/07/2018,434.72,Polpa Cítrica
14/07/2018,425.0,Polpa Cítrica
15/07/2018,530.0,Polpa Cítrica
16/07/2018,408.75,Polpa Cítrica
17/07/2018,419.67,Polpa Cítrica
18/07/2018,421.43,Polpa Cítrica
19/07/2018,422.65,Polpa Cítrica
20/07/2018,416.0,Polpa Cítrica
21/07/2018,419.0,Polpa Cítrica
22/07/2018,380.0,Polpa Cítrica
23/07/2018,425.0,Polpa Cítrica
24/07/2018,418.33,Polpa Cítrica
25/07/2018,412.5,Polpa Cítrica
26/07/2018,406.83,Polpa Cítrica
27/07/2018,420.2,Polpa Cítrica
28/07/2018,418.12,Polpa Cítrica
29/07/2018,407.5,Polpa Cítrica
30/07/2018,414.5,Polpa Cítrica
31/07/2018,416.06,Polpa Cítrica
01/08/2018,270.0,Polpa Cítrica
02/08/2018,271.25,Polpa Cítrica
03/08/2018,313.33,Polpa Cítrica
05/08/2018,426.67,Polpa Cítrica
06/08/2018,432.5,Polpa Cítrica
08/08/2018,425.0,Polpa Cítrica
09/08/2018,452.5,Polpa Cítrica
10/08/2018,516.67,Polpa Cítrica
11/08/2018,482.43,Polpa Cítrica
12/08/2018,456.11,Polpa Cítrica
13/08/2018,450.0,Polpa Cítrica
14/08/2018,425.91,Polpa Cítrica
15/08/2018,432.15,Polpa Cítrica
16/08/2018,450.62,Polpa Cítrica
17/08/2018,416.56,Polpa Cítrica
18/08/2018,420.0,Polpa Cítrica
19/08/2018,440.0,Polpa Cítrica
20/08/2018,426.25,Polpa Cítrica
21/08/2018,425.0,Polpa Cítrica
22/08/2018,439.44,Polpa Cítrica
23/08/2018,436.11,Polpa Cítrica
24/08/2018,435.0,Polpa Cítrica
25/08/2018,426.67,Polpa Cítrica
26/08/2018,450.0,Polpa Cítrica
27/08/2018,410.0,Polpa Cítrica
28/08/2018,433.12,Polpa Cítrica
29/08/2018,435.0,Polpa Cítrica
30/08/2018,433.33,Polpa Cítrica
31/08/2018,440.0,Polpa Cítrica
01/09/2018,266.79,Polpa Cítrica
02/09/2018,284.8,Polpa Cítrica
03/09/2018,280.0,Polpa Cítrica
04/09/2018,472.61,Polpa Cítrica
05/09/2018,426.67,Polpa Cítrica
06/09/2018,428.33,Polpa Cítrica
07/09/2018,446.67,Polpa Cítrica
08/09/2018,416.2,Polpa Cítrica
09/09/2018,470.0,Polpa Cítrica
10/09/2018,561.67,Polpa Cítrica
11/09/2018,437.31,Polpa Cítrica
12/09/2018,450.0,Polpa Cítrica
13/09/2018,453.44,Polpa Cítrica
14/09/2018,458.75,Polpa Cítrica
15/09/2018,440.0,Polpa Cítrica
16/09/2018,470.0,Polpa Cítrica
18/09/2018,430.0,Polpa Cítrica
19/09/2018,466.67,Polpa Cítrica
20/09/2018,468.89,Polpa Cítrica
21/09/2018,449.17,Polpa Cítrica
22/09/2018,463.89,Polpa Cítrica
23/09/2018,440.0,Polpa Cítrica
24/09/2018,495.0,Polpa Cítrica
25/09/2018,482.5,Polpa Cítrica
26/09/2018,468.75,Polpa Cítrica
27/09/2018,495.0,Polpa Cítrica
28/09/2018,447.73,Polpa Cítrica
29/09/2018,466.43,Polpa Cítrica
01/10/2018,275.62,Polpa Cítrica
02/10/2018,286.0,Polpa Cítrica
03/10/2018,363.33,Polpa Cítrica
04/10/2018,467.0,Polpa Cítrica
05/10/2018,428.33,Polpa Cítrica
06/10/2018,416.25,Polpa Cítrica
07/10/2018,444.38,Polpa Cítrica
08/10/2018,425.0,Polpa Cítrica
09/10/2018,451.67,Polpa Cítrica
10/10/2018,499.25,Polpa Cítrica
11/10/2018,452.5,Polpa Cítrica
12/10/2018,455.0,Polpa Cítrica
15/10/2018,540.0,Polpa Cítrica
16/10/2018,410.0,Polpa Cítrica
17/10/2018,461.71,Polpa Cítrica
18/10/2018,503.75,Polpa Cítrica
19/10/2018,559.25,Polpa Cítrica
20/10/2018,481.67,Polpa Cítrica
22/10/2018,540.0,Polpa Cítrica
23/10/2018,450.0,Polpa Cítrica
24/10/2018,455.0,Polpa Cítrica
25/10/2018,520.0,Polpa Cítrica
26/10/2018,490.29,Polpa Cítrica
27/10/2018,450.0,Polpa Cítrica
28/10/2018,430.0,Polpa Cítrica
29/10/2018,507.27,Polpa Cítrica
30/10/2018,525.0,Polpa Cítrica
31/10/2018,525.31,Polpa Cítrica
01/11/2018,266.62,Polpa Cítrica
04/11/2018,406.67,Polpa Cítrica
05/11/2018,418.75,Polpa Cítrica
06/11/2018,444.17,Polpa Cítrica
07/11/2018,440.0,Polpa Cítrica
08/11/2018,430.83,Polpa Cítrica
09/11/2018,448.75,Polpa Cítrica
10/11/2018,452.5,Polpa Cítrica
11/11/2018,476.67,Polpa Cítrica
12/11/2018,465.0,Polpa Cítrica
13/11/2018,507.5,Polpa Cítrica
14/11/2018,482.5,Polpa Cítrica
15/11/2018,464.17,Polpa Cítrica
16/11/2018,414.29,Polpa Cítrica
17/11/2018,415.0,Polpa Cítrica
18/11/2018,501.67,Polpa Cítrica
20/11/2018,515.0,Polpa Cítrica
21/11/2018,530.0,Polpa Cítrica
22/11/2018,486.5,Polpa Cítrica
23/11/2018,473.57,Polpa Cítrica
24/11/2018,529.17,Polpa Cítrica
26/11/2018,440.0,Polpa Cítrica
27/11/2018,435.0,Polpa Cítrica
28/11/2018,474.5,Polpa Cítrica
29/11/2018,472.5,Polpa Cítrica
30/11/2018,488.93,Polpa Cítrica
01/12/2018,265.12,Polpa Cítrica
02/12/2018,280.0,Polpa Cítrica
03/12/2018,386.0,Polpa Cítrica
04/12/2018,466.25,Polpa Cítrica
06/12/2018,426.25,Polpa Cítrica
07/12/2018,427.92,Polpa Cítrica
09/12/2018,444.58,Polpa Cítrica
11/12/2018,443.33,Polpa Cítrica
12/12/2018,465.45,Polpa Cítrica
13/12/2018,461.25,Polpa Cítrica
14/12/2018,449.86,Polpa Cítrica
15/12/2018,449.0,Polpa Cítrica
16/12/2018,474.57,Polpa Cítrica
17/12/2018,495.0,Polpa Cítrica
18/12/2018,478.67,Polpa Cítrica
19/12/2018,483.33,Polpa Cítrica
20/12/2018,466.82,Polpa Cítrica
21/12/2018,450.83,Polpa Cítrica
22/12/2018,462.5,Polpa Cítrica
26/12/2018,462.5,Polpa Cítrica
27/12/2018,464.67,Polpa Cítrica
28/12/2018,456.79,Polpa Cítrica
29/12/2018,463.33,Polpa Cítrica
02/01/2019,554.17,Polpa Cítrica
03/01/2019,590.0,Polpa Cítrica
04/01/2019,620.0,Polpa Cítrica
06/01/2019,339.5,Polpa Cítrica
07/01/2019,328.33,Polpa Cítrica
08/01/2019,325.5,Polpa Cítrica
09/01/2019,329.23,Polpa Cítrica
14/01/2019,442.0,Polpa Cítrica
15/01/2019,494.17,Polpa Cítrica
16/01/2019,469.38,Polpa Cítrica
17/01/2019,513.29,Polpa Cítrica
18/01/2019,491.6,Polpa Cítrica
19/01/2019,507.67,Polpa Cítrica
21/01/2019,525.0,Polpa Cítrica
22/01/2019,475.0,Polpa Cítrica
23/01/2019,514.38,Polpa Cítrica
24/01/2019,532.22,Polpa Cítrica
25/01/2019,537.5,Polpa Cítrica
26/01/2019,500.0,Polpa Cítrica
28/01/2019,520.0,Polpa Cítrica
29/01/2019,559.0,Polpa Cítrica
30/01/2019,532.8,Polpa Cítrica
31/01/2019,552.5,Polpa Cítrica
01/02/2019,483.75,Polpa Cítrica
02/02/2019,548.33,Polpa Cítrica
03/02/2019,618.33,Polpa Cítrica
04/02/2019,605.0,Polpa Cítrica
05/02/2019,470.0,Polpa Cítrica
07/02/2019,317.86,Polpa Cítrica
08/02/2019,330.5,Polpa Cítrica
09/02/2019,377.5,Polpa Cítrica
13/02/2019,565.0,Polpa Cítrica
14/02/2019,558.33,Polpa Cítrica
15/02/2019,555.0,Polpa Cítrica
16/02/2019,560.0,Polpa Cítrica
19/02/2019,550.0,Polpa Cítrica
20/02/2019,550.0,Polpa Cítrica
21/02/2019,560.0,Polpa Cítrica
22/02/2019,530.0,Polpa Cítrica
23/02/2019,550.0,Polpa Cítrica
25/02/2019,620.0,Polpa Cítrica
26/02/2019,613.75,Polpa Cítrica
28/02/2019,620.0,Polpa Cítrica
01/03/2019,466.5,Polpa Cítrica
04/03/2019,612.0,Polpa Cítrica
05/03/2019,430.0,Polpa Cítrica
06/03/2019,320.0,Polpa Cítrica
07/03/2019,337.67,Polpa Cítrica
08/03/2019,332.8,Polpa Cítrica
09/03/2019,381.82,Polpa Cítrica
13/03/2019,600.0,Polpa Cítrica
14/03/2019,620.0,Polpa Cítrica
15/03/2019,613.33,Polpa Cítrica
19/03/2019,591.25,Polpa Cítrica
20/03/2019,590.0,Polpa Cítrica
21/03/2019,612.86,Polpa Cítrica
22/03/2019,592.5,Polpa Cítrica
25/03/2019,620.0,Polpa Cítrica
26/03/2019,600.0,Polpa Cítrica
27/03/2019,618.0,Polpa Cítrica
28/03/2019,609.38,Polpa Cítrica
29/03/2019,620.0,Polpa Cítrica
30/03/2019,609.5,Polpa Cítrica
01/04/2019,463.0,Polpa Cítrica
03/04/2019,600.0,Polpa Cítrica
04/04/2019,613.0,Polpa Cítrica
05/04/2019,456.34,Polpa Cítrica
06/04/2019,316.67,Polpa Cítrica
07/04/2019,325.31,Polpa Cítrica
08/04/2019,318.75,Polpa Cítrica
09/04/2019,331.43,Polpa Cítrica
13/04/2019,550.0,Polpa Cítrica
16/04/2019,583.33,Polpa Cítrica
17/04/2019,560.0,Polpa Cítrica
18/04/2019,568.0,Polpa Cítrica
22/04/2019,565.0,Polpa Cítrica
23/04/2019,577.5,Polpa Cítrica
24/04/2019,570.0,Polpa Cítrica
25/04/2019,560.0,Polpa Cítrica
26/04/2019,580.0,Polpa Cítrica
29/04/2019,527.5,Polpa Cítrica
30/04/2019,487.5,Polpa Cítrica
01/05/2019,475.0,Polpa Cítrica
02/05/2019,573.33,Polpa Cítrica
04/05/2019,627.5,Polpa Cítrica
05/05/2019,480.0,Polpa Cítrica
06/05/2019,314.17,Polpa Cítrica
07/05/2019,348.93,Polpa Cítrica
08/05/2019,329.29,Polpa Cítrica
09/05/2019,341.11,Polpa Cítrica
14/05/2019,437.78,Polpa Cítrica
15/05/2019,428.12,Polpa Cítrica
16/05/2019,423.18,Polpa Cítrica
17/05/2019,427.0,Polpa Cítrica
18/05/2019,415.0,Polpa Cítrica
20/05/2019,413.33,Polpa Cítrica
21/05/2019,417.65,Polpa Cítrica
22/05/2019,421.8,Polpa Cítrica
23/05/2019,401.07,Polpa Cítrica
24/05/2019,395.91,Polpa Cítrica
25/05/2019,380.0,Polpa Cítrica
27/05/2019,372.0,Polpa Cítrica
28/05/2019,385.0,Polpa Cítrica
29/05/2019,360.0,Polpa Cítrica
30/05/2019,353.33,Polpa Cítrica
31/05/2019,331.42,Polpa Cítrica
01/06/2019,465.0,Polpa Cítrica
02/06/2019,543.7,Polpa Cítrica
04/06/2019,606.67,Polpa Cítrica
05/06/2019,450.0,Polpa Cítrica
06/06/2019,325.0,Polpa Cítrica
07/06/2019,323.67,Polpa Cítrica
08/06/2019,350.0,Polpa Cítrica
09/06/2019,315.0,Polpa Cítrica
13/06/2019,312.5,Polpa Cítrica
14/06/2019,319.0,Polpa Cítrica
15/06/2019,308.33,Polpa Cítrica
16/06/2019,310.0,Polpa Cítrica
17/06/2019,316.67,Polpa Cítrica
18/06/2019,315.5,Polpa Cítrica
19/06/2019,326.05,Polpa Cítrica
20/06/2019,312.6,Polpa Cítrica
21/06/2019,323.33,Polpa Cítrica
22/06/2019,317.86,Polpa Cítrica
23/06/2019,325.0,Polpa Cítrica
24/06/2019,315.0,Polpa Cítrica
25/06/2019,336.67,Polpa Cítrica
26/06/2019,314.38,Polpa Cítrica
27/06/2019,316.88,Polpa Cítrica
28/06/2019,325.0,Polpa Cítrica
29/06/2019,340.0,Polpa Cítrica
30/06/2019,316.67,Polpa Cítrica
01/07/2019,475.0,Polpa Cítrica
02/07/2019,508.5,Polpa Cítrica
03/07/2019,612.5,Polpa Cítrica
05/07/2019,490.0,Polpa Cítrica
06/07/2019,310.94,Polpa Cítrica
07/07/2019,314.0,Polpa Cítrica
08/07/2019,325.0,Polpa Cítrica
09/07/2019,326.25,Polpa Cítrica
13/07/2019,317.31,Polpa Cítrica
14/07/2019,295.0,Polpa Cítrica
15/07/2019,305.83,Polpa Cítrica
16/07/2019,309.44,Polpa Cítrica
17/07/2019,318.95,Polpa Cítrica
18/07/2019,310.94,Polpa Cítrica
19/07/2019,318.33,Polpa Cítrica
20/07/2019,313.24,Polpa Cítrica
21/07/2019,303.33,Polpa Cítrica
22/07/2019,306.67,Polpa Cítrica
23/07/2019,328.57,Polpa Cítrica
24/07/2019,316.67,Polpa Cítrica
25/07/2019,321.67,Polpa Cítrica
26/07/2019,324.09,Polpa Cítrica
27/07/2019,320.0,Polpa Cítrica
29/07/2019,305.0,Polpa Cítrica
30/07/2019,350.0,Polpa Cítrica
31/07/2019,315.0,Polpa Cítrica